caller,receiver,timestamp,duration_seconds,cell_tower
+91-98765-11111,+91-98765-22222,2026-07-21 11:42:05,1185,Gurgaon
+91-98765-11111,+91-98765-11112,2026-07-24 08:34:59,304,Jaipur
+91-98765-44444,+91-98765-22222,2026-06-01 13:23:17,760,Delhi
+91-98765-44444,+91-98765-33333,2026-07-07 21:53:44,440,Delhi
+91-98765-44444,+91-98765-11111,2026-08-24 09:53:36,566,Delhi
+91-98765-11111,+91-98765-33333,2026-06-14 11:58:52,1171,Noida
+91-98765-44444,+91-98765-33333,2026-06-23 04:49:19,638,Gurgaon
+91-98765-22222,+91-98765-11111,2026-07-30 13:40:04,130,Gurgaon
+91-98765-22222,+91-98765-33334,2026-06-04 12:30:07,1174,Gurgaon
+91-98765-44444,+91-98765-33333,2026-07-13 15:43:29,444,Gurgaon
+91-98765-33334,+91-98765-11111,2026-08-12 17:39:08,1036,Noida
+91-98765-44444,+91-98765-11111,2026-07-29 15:00:38,1019,Delhi
+91-98765-44444,+91-98765-11112,2026-06-06 03:13:26,673,Delhi
+91-98765-44444,+91-98765-33334,2026-07-23 07:08:05,430,Noida
+91-98765-44444,+91-98765-11111,2026-06-01 11:51:23,298,Pune
+91-98765-44444,+91-98765-22222,2026-07-01 19:16:55,222,Gurgaon
+91-98765-44444,+91-98765-33334,2026-06-07 05:33:54,600,Mumbai
+91-98765-44444,+91-98765-33334,2026-06-07 13:26:40,1061,Noida
+91-98765-44444,+91-98765-11112,2026-08-09 17:25:30,334,Jaipur
+91-98765-44444,+91-98765-11111,2026-06-21 11:33:02,786,Mumbai
+91-98765-11112,+91-98765-22222,2026-08-16 07:05:56,199,Mumbai
+91-98765-11112,+91-98765-11111,2026-06-18 15:31:48,785,Delhi
+91-98765-33333,+91-98765-22222,2026-06-07 05:30:39,1164,Noida
+91-98765-44444,+91-98765-33333,2026-08-02 00:47:54,419,Gurgaon
+91-98765-44444,+91-98765-33333,2026-08-20 18:45:24,742,Pune
+91-98765-44444,+91-98765-22222,2026-07-19 10:59:34,888,Mumbai
+91-98765-11111,+91-98765-22222,2026-06-29 02:57:37,1095,Pune
+91-98765-33333,+91-98765-44444,2026-06-25 19:54:41,959,Mumbai
+91-98765-44444,+91-98765-33334,2026-08-18 19:03:57,144,Gurgaon
+91-98765-44444,+91-98765-33334,2026-08-04 07:40:03,337,Jaipur
+91-98765-22222,+91-98765-33334,2026-07-27 23:47:42,565,Jaipur
+91-98765-33333,+91-98765-11112,2026-06-12 11:25:52,16,Gurgaon
+91-98765-44444,+91-98765-11112,2026-07-14 16:02:40,439,Noida
+91-98765-44444,+91-98765-11112,2026-06-08 21:49:38,981,Gurgaon
+91-98765-44444,+91-98765-33333,2026-07-03 22:59:53,671,Delhi
+91-98765-44444,+91-98765-11111,2026-06-13 11:50:35,979,Pune
+91-98765-22222,+91-98765-33333,2026-07-21 20:12:16,986,Noida
+91-98765-44444,+91-98765-11111,2026-07-21 03:01:42,918,Jaipur
+91-98765-33333,+91-98765-44444,2026-07-09 00:39:43,1156,Mumbai
+91-98765-11111,+91-98765-11112,2026-07-22 01:08:37,200,Pune
+91-98765-44444,+91-98765-33334,2026-07-24 06:40:00,422,Mumbai
+91-98765-44444,+91-98765-33334,2026-08-10 07:20:17,678,Jaipur
+91-98765-33334,+91-98765-33333,2026-08-11 13:43:50,498,Gurgaon
+91-98765-44444,+91-98765-11111,2026-06-14 02:21:27,666,Gurgaon
+91-98765-33333,+91-98765-11111,2026-06-19 16:47:31,402,Gurgaon
+91-98765-44444,+91-98765-11112,2026-07-04 23:32:02,896,Gurgaon
+91-98765-44444,+91-98765-33333,2026-06-15 19:29:39,537,Delhi
+91-98765-44444,+91-98765-11112,2026-08-17 21:01:23,1011,Jaipur
+91-98765-44444,+91-98765-11111,2026-07-31 10:32:48,82,Gurgaon
+91-98765-33333,+91-98765-33334,2026-06-17 11:07:44,509,Jaipur
+91-98765-11111,+91-98765-33334,2026-07-16 22:27:46,236,Pune
+91-98765-44444,+91-98765-22222,2026-08-08 16:02:16,314,Noida
+91-98765-44444,+91-98765-22222,2026-07-07 07:07:37,998,Delhi
+91-98765-44444,+91-98765-11111,2026-07-10 11:21:28,664,Delhi
+91-98765-44444,+91-98765-22222,2026-06-25 07:00:03,1111,Mumbai
+91-98765-44444,+91-98765-11111,2026-08-16 11:11:00,400,Gurgaon
+91-98765-44444,+91-98765-33334,2026-07-12 02:51:55,550,Gurgaon
+91-98765-11112,+91-98765-22222,2026-07-16 12:51:24,826,Noida
+91-98765-44444,+91-98765-33333,2026-07-07 23:39:20,121,Gurgaon
+91-98765-44444,+91-98765-33334,2026-06-14 17:59:07,14,Jaipur
+91-98765-33333,+91-98765-11112,2026-07-27 21:13:14,45,Delhi
+91-98765-44444,+91-98765-33333,2026-06-13 23:34:21,182,Gurgaon
+91-98765-11111,+91-98765-11112,2026-06-21 11:52:13,375,Gurgaon
+91-98765-44444,+91-98765-11111,2026-08-19 08:46:25,588,Gurgaon
+91-98765-44444,+91-98765-33334,2026-07-04 18:07:03,308,Mumbai
+91-98765-44444,+91-98765-11111,2026-07-21 05:22:19,475,Noida
+91-98765-11112,+91-98765-44444,2026-07-24 13:57:34,295,Pune
+91-98765-44444,+91-98765-11112,2026-06-01 13:35:26,288,Jaipur
+91-98765-44444,+91-98765-33333,2026-07-31 03:23:40,87,Pune
+91-98765-44444,+91-98765-33334,2026-07-17 20:52:20,1092,Mumbai
+91-98765-11111,+91-98765-22222,2026-07-05 21:36:35,378,Jaipur
+91-98765-44444,+91-98765-11112,2026-06-21 15:10:24,123,Noida
+91-98765-33333,+91-98765-11112,2026-08-12 09:50:56,443,Pune
+91-98765-33334,+91-98765-22222,2026-08-08 07:38:32,809,Delhi
+91-98765-44444,+91-98765-11112,2026-06-13 02:01:50,752,Noida
+91-98765-44444,+91-98765-11112,2026-07-16 17:09:03,999,Pune
+91-98765-33334,+91-98765-11111,2026-08-20 00:42:44,760,Pune
+91-98765-44444,+91-98765-11112,2026-07-24 15:21:08,345,Noida
+91-98765-44444,+91-98765-22222,2026-08-20 12:41:15,174,Pune
+91-98765-44444,+91-98765-11112,2026-07-01 10:12:30,461,Delhi
+91-98765-44444,+91-98765-11112,2026-07-22 23:54:32,290,Mumbai
+91-98765-44444,+91-98765-22222,2026-08-05 07:11:05,679,Delhi
+91-98765-33334,+91-98765-11111,2026-08-16 21:15:35,1048,Noida
+91-98765-44444,+91-98765-11112,2026-08-11 16:51:39,101,Noida
+91-98765-44444,+91-98765-11112,2026-07-02 05:18:51,1019,Gurgaon
+91-98765-44444,+91-98765-33333,2026-06-06 20:38:45,540,Mumbai
+91-98765-44444,+91-98765-11112,2026-06-27 07:03:41,205,Delhi
+91-98765-33334,+91-98765-33333,2026-06-30 03:54:35,23,Jaipur
+91-98765-44444,+91-98765-33334,2026-06-30 10:15:12,1039,Pune
+91-98765-44444,+91-98765-33334,2026-08-25 17:24:03,99,Jaipur
+91-98765-44444,+91-98765-11112,2026-07-24 19:04:01,286,Jaipur
+91-98765-33333,+91-98765-11112,2026-08-25 18:40:00,711,Mumbai
+91-98765-44444,+91-98765-33334,2026-06-22 22:21:51,256,Gurgaon
+91-98765-44444,+91-98765-33333,2026-07-17 06:01:21,325,Jaipur
+91-98765-44444,+91-98765-33334,2026-08-18 01:35:48,1187,Delhi
+91-98765-44444,+91-98765-11112,2026-05-29 13:22:31,534,Jaipur
+91-98765-44444,+91-98765-11111,2026-07-11 16:46:46,216,Jaipur
+91-98765-44444,+91-98765-33334,2026-07-28 04:39:30,350,Mumbai
+91-98765-11111,+91-98765-11112,2026-06-18 22:30:12,511,Noida
+91-98765-44444,+91-98765-22222,2026-07-17 04:20:07,647,Pune
+91-98765-33334,+91-98765-33333,2026-06-27 23:39:32,217,Mumbai
+91-98765-44444,+91-98765-11111,2026-08-06 15:58:22,682,Jaipur
+91-98765-11111,+91-98765-33333,2026-08-01 00:09:17,179,Noida
+91-98765-44444,+91-98765-11112,2026-07-20 00:40:15,1149,Jaipur
+91-98765-33334,+91-98765-33333,2026-07-28 11:13:24,1188,Pune
+91-98765-11112,+91-98765-44444,2026-05-31 22:23:19,414,Delhi
+91-98765-44444,+91-98765-33334,2026-08-17 19:46:51,427,Noida
+91-98765-11111,+91-98765-33333,2026-07-21 15:36:23,292,Pune
+91-98765-33333,+91-98765-33334,2026-06-07 00:18:20,667,Jaipur
+91-98765-33334,+91-98765-44444,2026-08-14 12:39:47,300,Pune
+91-98765-44444,+91-98765-22222,2026-06-05 12:00:10,897,Mumbai
+91-98765-44444,+91-98765-11112,2026-07-18 01:30:33,116,Gurgaon
+91-98765-44444,+91-98765-33334,2026-06-16 22:30:18,741,Delhi
+91-98765-11111,+91-98765-33334,2026-07-19 19:07:45,599,Noida
+91-98765-44444,+91-98765-11111,2026-07-22 08:41:33,1128,Jaipur
+91-98765-44444,+91-98765-22222,2026-07-03 11:17:14,1146,Delhi
+91-98765-11112,+91-98765-33334,2026-08-14 21:56:41,924,Gurgaon
+91-98765-44444,+91-98765-33333,2026-08-14 19:37:27,301,Delhi
+91-98765-22222,+91-98765-44444,2026-06-10 06:17:39,150,Mumbai
+91-98765-44444,+91-98765-11112,2026-07-08 13:09:17,558,Mumbai
+91-98765-44444,+91-98765-33333,2026-08-26 10:03:08,597,Mumbai
+91-98765-44444,+91-98765-22222,2026-07-27 08:19:09,543,Delhi
+91-98765-33333,+91-98765-11112,2026-07-13 22:56:00,345,Pune
+91-98765-44444,+91-98765-33334,2026-07-28 17:57:55,38,Mumbai
+91-98765-33333,+91-98765-11111,2026-08-03 16:11:41,175,Pune
+91-98765-44444,+91-98765-11111,2026-07-21 14:53:22,573,Noida
+91-98765-44444,+91-98765-33334,2026-08-05 19:05:33,904,Pune
+91-98765-44444,+91-98765-33334,2026-06-29 03:27:43,1127,Jaipur
+91-98765-11111,+91-98765-33334,2026-07-08 22:05:53,913,Gurgaon
+91-98765-33334,+91-98765-22222,2026-08-23 21:19:17,586,Gurgaon
+91-98765-33334,+91-98765-11112,2026-06-08 11:01:32,246,Pune
+91-98765-33334,+91-98765-44444,2026-08-01 06:13:58,435,Gurgaon
+91-98765-33333,+91-98765-33334,2026-07-23 17:12:10,247,Delhi
+91-98765-44444,+91-98765-22222,2026-07-10 09:06:32,397,Pune
+91-98765-22222,+91-98765-11111,2026-08-17 15:47:31,1199,Pune
+91-98765-44444,+91-98765-33334,2026-08-24 08:40:01,1061,Gurgaon
+91-98765-44444,+91-98765-33333,2026-08-05 06:19:54,902,Mumbai
+91-98765-44444,+91-98765-11111,2026-06-08 21:35:55,879,Jaipur
+91-98765-44444,+91-98765-33334,2026-06-12 22:59:24,594,Mumbai
+91-98765-44444,+91-98765-22222,2026-06-21 19:10:08,790,Jaipur
+91-98765-11112,+91-98765-11111,2026-07-05 14:04:01,1063,Pune
+91-98765-33333,+91-98765-44444,2026-06-10 14:28:48,790,Mumbai
+91-98765-33333,+91-98765-44444,2026-06-25 06:04:03,666,Noida
+91-98765-11112,+91-98765-33333,2026-06-12 17:57:28,41,Gurgaon
+91-98765-33334,+91-98765-22222,2026-08-25 23:56:18,389,Gurgaon
+91-98765-44444,+91-98765-11112,2026-08-13 19:19:00,327,Delhi
+91-98765-11112,+91-98765-33334,2026-06-20 22:20:22,1151,Noida
+91-98765-44444,+91-98765-11112,2026-06-11 00:30:38,265,Pune
+91-98765-33333,+91-98765-33334,2026-05-30 16:43:24,834,Mumbai
+91-98765-22222,+91-98765-11111,2026-05-30 10:16:37,986,Delhi
+91-98765-33333,+91-98765-22222,2026-06-10 18:08:13,205,Mumbai
+91-98765-44444,+91-98765-11111,2026-07-18 18:58:44,383,Mumbai
+91-98765-44444,+91-98765-33333,2026-08-09 09:25:59,814,Gurgaon
+91-98765-44444,+91-98765-11111,2026-08-02 01:35:02,173,Noida
+91-98765-33333,+91-98765-11111,2026-06-08 20:13:00,696,Mumbai
+91-98765-44444,+91-98765-11112,2026-06-14 15:00:13,997,Gurgaon
+91-98765-44444,+91-98765-11112,2026-07-08 16:05:32,849,Mumbai
+91-98765-22222,+91-98765-33333,2026-07-16 02:08:12,788,Pune
+91-98765-11111,+91-98765-11112,2026-06-12 19:41:28,1045,Pune
+91-98765-44444,+91-98765-22222,2026-08-19 03:02:56,767,Jaipur
+91-98765-44444,+91-98765-33334,2026-06-18 14:55:34,257,Pune
+91-98765-44444,+91-98765-33333,2026-06-17 14:20:26,792,Noida
+91-98765-44444,+91-98765-11111,2026-07-10 18:34:53,120,Pune
+91-98765-44444,+91-98765-11111,2026-07-21 10:10:41,655,Delhi
+91-98765-44444,+91-98765-33334,2026-08-21 11:31:29,354,Noida
+91-98765-44444,+91-98765-11111,2026-06-01 09:58:30,85,Noida
+91-98765-11111,+91-98765-22222,2026-07-17 16:27:39,613,Jaipur
+91-98765-22222,+91-98765-11111,2026-06-03 20:05:02,1164,Noida
+91-98765-11112,+91-98765-44444,2026-06-10 02:23:34,717,Noida
+91-98765-44444,+91-98765-33334,2026-06-02 19:53:42,719,Delhi
+91-98765-44444,+91-98765-11112,2026-07-19 07:39:06,961,Noida
+91-98765-22222,+91-98765-11111,2026-07-06 17:17:55,637,Noida
+91-98765-44444,+91-98765-33334,2026-08-20 05:20:04,449,Mumbai
+91-98765-33333,+91-98765-33334,2026-07-12 05:53:58,1170,Delhi
+91-98765-11111,+91-98765-33333,2026-07-16 14:08:18,1079,Jaipur
+91-98765-44444,+91-98765-33333,2026-06-14 13:10:32,371,Delhi
+91-98765-44444,+91-98765-33333,2026-06-05 19:55:58,503,Gurgaon
+91-98765-11111,+91-98765-11112,2026-07-29 03:56:43,24,Pune
+91-98765-44444,+91-98765-11112,2026-07-29 14:00:31,456,Noida
+91-98765-44444,+91-98765-22222,2026-07-02 12:05:19,1036,Delhi
+91-98765-11111,+91-98765-33334,2026-06-11 08:50:00,423,Mumbai
+91-98765-44444,+91-98765-33333,2026-06-16 08:14:29,617,Gurgaon
+91-98765-44444,+91-98765-33334,2026-05-31 16:20:25,725,Gurgaon
+91-98765-44444,+91-98765-33334,2026-06-10 03:53:02,217,Delhi
+91-98765-11112,+91-98765-33334,2026-06-18 02:48:58,206,Mumbai
+91-98765-44444,+91-98765-22222,2026-06-05 12:35:09,57,Delhi
+91-98765-33334,+91-98765-11111,2026-07-25 08:47:33,250,Noida
+91-98765-44444,+91-98765-11111,2026-07-31 15:12:07,918,Jaipur
+91-98765-44444,+91-98765-11111,2026-08-14 16:54:15,1153,Noida
+91-98765-44444,+91-98765-33334,2026-08-26 00:24:30,883,Gurgaon
+91-98765-44444,+91-98765-22222,2026-07-27 10:22:40,431,Delhi
+91-98765-44444,+91-98765-33334,2026-07-24 06:52:01,124,Delhi
+91-98765-44444,+91-98765-11111,2026-07-28 20:43:49,46,Pune
+91-98765-11111,+91-98765-44444,2026-06-14 23:10:27,722,Mumbai
+91-98765-44444,+91-98765-33334,2026-07-26 06:38:35,411,Mumbai
+91-98765-44444,+91-98765-33333,2026-07-02 19:32:41,858,Gurgaon
+91-98765-44444,+91-98765-33334,2026-06-09 12:58:21,1046,Gurgaon
+91-98765-44444,+91-98765-11111,2026-08-16 03:54:36,136,Delhi
+91-98765-33334,+91-98765-11111,2026-05-30 08:25:53,407,Mumbai
+91-98765-44444,+91-98765-11112,2026-08-14 00:15:46,340,Mumbai
+91-98765-44444,+91-98765-33334,2026-08-14 02:00:05,946,Pune
+91-98765-44444,+91-98765-11111,2026-07-21 02:02:24,445,Mumbai
+91-98765-44444,+91-98765-11112,2026-06-26 12:31:38,868,Pune
+91-98765-44444,+91-98765-11111,2026-06-19 22:22:16,700,Mumbai
+91-98765-22222,+91-98765-33333,2026-05-30 02:04:18,759,Noida
+91-98765-33334,+91-98765-44444,2026-07-16 07:13:08,103,Noida
+91-98765-44444,+91-98765-33334,2026-06-19 08:44:52,962,Jaipur
+91-98765-44444,+91-98765-11112,2026-08-17 00:58:34,971,Gurgaon
+91-98765-44444,+91-98765-22222,2026-06-03 04:27:30,1172,Pune
+91-98765-44444,+91-98765-11111,2026-06-02 13:31:27,1114,Jaipur
+91-98765-44444,+91-98765-11112,2026-08-06 15:54:32,1091,Jaipur
+91-98765-44444,+91-98765-22222,2026-08-14 04:34:35,461,Delhi
+91-98765-22222,+91-98765-33333,2026-07-16 20:01:38,971,Mumbai
+91-98765-44444,+91-98765-11111,2026-08-09 01:05:00,884,Pune
+91-98765-44444,+91-98765-22222,2026-08-12 06:40:27,22,Noida
+91-98765-22222,+91-98765-33333,2026-08-04 08:08:58,619,Noida
+91-98765-44444,+91-98765-11111,2026-08-03 09:03:55,1094,Mumbai
+91-98765-33334,+91-98765-11112,2026-06-27 11:22:05,568,Pune
+91-98765-44444,+91-98765-22222,2026-08-08 20:53:19,172,Mumbai
+91-98765-44444,+91-98765-33333,2026-08-14 05:23:36,721,Pune
+91-98765-33334,+91-98765-44444,2026-06-13 00:35:22,837,Gurgaon
+91-98765-11112,+91-98765-11111,2026-06-08 07:51:23,198,Mumbai
+91-98765-44444,+91-98765-33334,2026-07-26 07:48:20,282,Delhi
+91-98765-33333,+91-98765-44444,2026-07-13 16:06:28,522,Noida
+91-98765-44444,+91-98765-33334,2026-06-07 16:52:07,371,Jaipur
+91-98765-44444,+91-98765-11111,2026-08-14 16:04:37,963,Gurgaon
+91-98765-44444,+91-98765-33334,2026-07-05 18:53:46,465,Gurgaon
+91-98765-33334,+91-98765-33333,2026-08-21 14:33:43,1091,Pune
+91-98765-44444,+91-98765-22222,2026-08-08 01:02:23,984,Noida
+91-98765-44444,+91-98765-33334,2026-07-22 21:22:15,1012,Mumbai
+91-98765-44444,+91-98765-11112,2026-08-08 23:14:45,1133,Delhi
+91-98765-44444,+91-98765-33334,2026-07-14 05:22:20,1014,Jaipur
+91-98765-44444,+91-98765-11111,2026-06-03 06:27:06,157,Jaipur
+91-98765-44444,+91-98765-33334,2026-05-30 06:15:49,73,Delhi
+91-98765-44444,+91-98765-22222,2026-08-06 16:42:37,65,Jaipur
+91-98765-44444,+91-98765-11111,2026-07-05 02:22:03,1200,Delhi
+91-98765-11112,+91-98765-33334,2026-06-06 12:22:18,498,Jaipur
+91-98765-33334,+91-98765-22222,2026-05-29 00:14:03,408,Noida
+91-98765-33334,+91-98765-33333,2026-07-23 15:48:09,115,Noida
+91-98765-44444,+91-98765-11112,2026-06-02 15:21:07,538,Mumbai
+91-98765-44444,+91-98765-33333,2026-06-17 06:55:58,41,Gurgaon
+91-98765-44444,+91-98765-11111,2026-06-14 18:32:01,807,Mumbai
+91-98765-44444,+91-98765-11111,2026-08-22 09:12:34,29,Gurgaon
+91-98765-44444,+91-98765-33334,2026-08-17 10:07:24,164,Mumbai
+91-98765-44444,+91-98765-33333,2026-08-21 14:31:07,509,Jaipur
+91-98765-44444,+91-98765-33333,2026-06-28 00:04:33,45,Pune
+91-98765-44444,+91-98765-11111,2026-07-01 13:08:40,279,Noida
+91-98765-44444,+91-98765-11111,2026-08-15 23:05:47,648,Noida
+91-98765-44444,+91-98765-33334,2026-06-07 06:30:48,169,Gurgaon
+91-98765-44444,+91-98765-33334,2026-07-29 13:28:11,599,Mumbai
+91-98765-44444,+91-98765-11112,2026-07-20 18:34:11,1199,Pune
+91-98765-44444,+91-98765-11112,2026-06-12 02:48:09,474,Pune
+91-98765-44444,+91-98765-22222,2026-06-25 07:53:43,658,Jaipur
+91-98765-44444,+91-98765-22222,2026-08-21 17:54:24,718,Delhi
+91-98765-33333,+91-98765-22222,2026-06-25 02:47:33,141,Gurgaon
+91-98765-44444,+91-98765-33333,2026-08-19 02:46:50,81,Delhi
+91-98765-11112,+91-98765-11111,2026-07-01 13:29:03,251,Jaipur
+91-98765-44444,+91-98765-33334,2026-07-07 12:57:48,931,Noida
+91-98765-44444,+91-98765-11111,2026-06-14 10:37:15,809,Jaipur
+91-98765-44444,+91-98765-33333,2026-05-28 12:03:32,609,Pune
+91-98765-11111,+91-98765-33334,2026-06-21 17:03:34,774,Mumbai
+91-98765-44444,+91-98765-33334,2026-06-10 02:10:45,287,Pune
+91-98765-44444,+91-98765-11112,2026-05-31 21:46:41,1191,Pune
+91-98765-22222,+91-98765-11112,2026-08-13 04:29:44,59,Noida
+91-98765-44444,+91-98765-22222,2026-06-30 09:42:52,428,Pune
+91-98765-11112,+91-98765-33334,2026-06-16 16:30:05,969,Noida
+91-98765-44444,+91-98765-22222,2026-05-30 10:10:21,691,Mumbai
+91-98765-44444,+91-98765-22222,2026-06-20 16:04:54,650,Pune
+91-98765-44444,+91-98765-11112,2026-06-14 15:28:23,703,Gurgaon
+91-98765-44444,+91-98765-33333,2026-06-08 17:42:00,196,Pune
+91-98765-44444,+91-98765-11111,2026-07-22 02:02:43,751,Gurgaon
+91-98765-44444,+91-98765-33334,2026-07-12 19:37:34,834,Pune
+91-98765-44444,+91-98765-11111,2026-08-21 21:44:17,671,Pune
+91-98765-44444,+91-98765-11112,2026-07-07 15:54:12,54,Jaipur
+91-98765-33334,+91-98765-22222,2026-06-06 17:46:27,230,Noida
+91-98765-44444,+91-98765-33333,2026-06-15 08:40:12,470,Noida
+91-98765-44444,+91-98765-11112,2026-08-16 17:24:52,240,Mumbai
+91-98765-11112,+91-98765-33333,2026-07-21 00:50:13,330,Delhi
+91-98765-44444,+91-98765-33333,2026-06-14 04:46:00,608,Mumbai
+91-98765-44444,+91-98765-33334,2026-06-01 16:10:18,658,Pune
+91-98765-44444,+91-98765-33333,2026-07-19 06:16:15,496,Pune
+91-98765-44444,+91-98765-33333,2026-07-01 14:37:44,653,Delhi
+91-98765-33334,+91-98765-11111,2026-08-02 13:55:55,1070,Jaipur
+91-98765-22222,+91-98765-11111,2026-08-22 08:12:50,227,Noida
+91-98765-44444,+91-98765-11112,2026-08-07 14:20:16,535,Pune
+91-98765-44444,+91-98765-11112,2026-08-03 00:48:36,621,Pune
+91-98765-44444,+91-98765-33333,2026-08-07 00:05:19,1039,Mumbai
+91-98765-44444,+91-98765-11111,2026-07-11 01:12:37,548,Jaipur
+91-98765-33334,+91-98765-33333,2026-07-09 22:07:56,267,Gurgaon
+91-98765-33334,+91-98765-44444,2026-08-24 02:35:44,114,Mumbai
+91-98765-44444,+91-98765-33333,2026-08-03 20:36:53,43,Mumbai
+91-98765-44444,+91-98765-11112,2026-08-15 22:45:01,123,Mumbai
+91-98765-44444,+91-98765-33334,2026-07-22 00:41:51,646,Noida
+91-98765-44444,+91-98765-11111,2026-07-20 17:21:22,913,Mumbai
+91-98765-44444,+91-98765-22222,2026-06-15 04:37:09,351,Delhi
+91-98765-44444,+91-98765-33334,2026-08-17 14:23:25,955,Delhi
+91-98765-44444,+91-98765-11111,2026-06-24 07:05:17,792,Delhi
+91-98765-44444,+91-98765-33333,2026-08-11 08:48:46,1185,Delhi
+91-98765-44444,+91-98765-33334,2026-08-04 04:52:14,335,Pune
+91-98765-44444,+91-98765-33334,2026-06-30 14:56:04,215,Mumbai
+91-98765-44444,+91-98765-11112,2026-07-21 00:03:12,1107,Noida
+91-98765-44444,+91-98765-33334,2026-08-09 03:25:13,167,Jaipur
+91-98765-44444,+91-98765-22222,2026-08-06 10:59:11,203,Mumbai
+91-98765-44444,+91-98765-33333,2026-07-07 00:10:46,1072,Noida
+91-98765-11112,+91-98765-33334,2026-06-06 18:49:03,539,Mumbai
+91-98765-44444,+91-98765-11111,2026-06-12 10:04:31,528,Gurgaon
+91-98765-44444,+91-98765-22222,2026-06-24 08:37:11,772,Noida
+91-98765-33333,+91-98765-11111,2026-07-24 09:56:30,753,Gurgaon
+91-98765-44444,+91-98765-22222,2026-06-19 07:07:45,1162,Jaipur
+91-98765-44444,+91-98765-33334,2026-06-21 07:03:13,380,Jaipur
+91-98765-44444,+91-98765-11112,2026-08-02 21:06:44,356,Pune
+91-98765-44444,+91-98765-22222,2026-08-05 09:59:44,1108,Gurgaon
+91-98765-22222,+91-98765-11111,2026-06-07 02:03:41,676,Jaipur
+91-98765-44444,+91-98765-11112,2026-08-05 09:30:48,275,Pune
+91-98765-44444,+91-98765-33333,2026-08-17 20:53:49,995,Noida
+91-98765-44444,+91-98765-22222,2026-08-13 21:24:27,781,Mumbai
+91-98765-44444,+91-98765-11112,2026-07-19 10:03:42,152,Gurgaon
+91-98765-44444,+91-98765-11112,2026-07-09 06:09:21,932,Jaipur
+91-98765-44444,+91-98765-11111,2026-08-16 18:51:40,796,Noida
+91-98765-44444,+91-98765-11111,2026-06-10 03:07:17,368,Jaipur
+91-98765-22222,+91-98765-11111,2026-07-24 11:40:29,612,Delhi
+91-98765-44444,+91-98765-11112,2026-07-25 05:13:38,762,Delhi
+91-98765-44444,+91-98765-33334,2026-08-22 06:43:16,276,Noida
+91-98765-44444,+91-98765-33334,2026-06-23 12:29:07,1006,Jaipur
+91-98765-44444,+91-98765-33334,2026-07-25 14:07:48,271,Pune
+91-98765-11111,+91-98765-33334,2026-07-23 16:45:18,802,Jaipur
+91-98765-44444,+91-98765-22222,2026-06-20 04:27:26,762,Mumbai
+91-98765-44444,+91-98765-33334,2026-07-25 15:38:48,420,Mumbai
+91-98765-44444,+91-98765-33334,2026-08-01 22:56:33,1103,Mumbai
+91-98765-44444,+91-98765-11111,2026-06-16 15:37:18,346,Mumbai
+91-98765-11112,+91-98765-22222,2026-06-15 21:39:29,817,Pune
+91-98765-11112,+91-98765-22222,2026-06-16 06:54:16,1153,Pune
+91-98765-44444,+91-98765-33333,2026-06-26 06:47:32,450,Noida
+91-98765-44444,+91-98765-33333,2026-08-08 08:22:12,902,Noida
+91-98765-33333,+91-98765-33334,2026-06-29 19:27:49,897,Pune
+91-98765-44444,+91-98765-11111,2026-07-17 23:57:06,778,Gurgaon
+91-98765-44444,+91-98765-11112,2026-07-28 06:02:18,682,Delhi
+91-98765-44444,+91-98765-22222,2026-08-07 19:57:58,1112,Noida
+91-98765-44444,+91-98765-33333,2026-06-05 15:35:37,739,Gurgaon
+91-98765-44444,+91-98765-33334,2026-07-06 12:11:43,79,Delhi
+91-98765-33334,+91-98765-11112,2026-08-10 16:33:58,1054,Pune
+91-98765-22222,+91-98765-33333,2026-06-01 13:37:25,1057,Noida
+91-98765-44444,+91-98765-33333,2026-08-14 04:12:46,251,Jaipur
+91-98765-11111,+91-98765-11112,2026-06-23 09:30:11,360,Mumbai
+91-98765-44444,+91-98765-33333,2026-05-31 17:52:15,15,Delhi
+91-98765-44444,+91-98765-22222,2026-05-30 19:21:29,1124,Noida
+91-98765-33334,+91-98765-11112,2026-08-21 21:48:33,131,Noida
+91-98765-22222,+91-98765-33333,2026-06-29 10:38:15,225,Delhi
+91-98765-44444,+91-98765-11111,2026-06-25 20:00:32,935,Noida
+91-98765-44444,+91-98765-11112,2026-08-16 10:33:09,948,Delhi
+91-98765-33333,+91-98765-11112,2026-07-30 17:37:30,304,Mumbai
+91-98765-22222,+91-98765-11112,2026-06-28 14:56:57,10,Delhi
+91-98765-44444,+91-98765-22222,2026-06-05 21:12:48,677,Mumbai
+91-98765-44444,+91-98765-33334,2026-08-23 10:08:50,508,Pune
+91-98765-44444,+91-98765-11112,2026-06-14 12:05:51,520,Noida
+91-98765-11111,+91-98765-33334,2026-05-30 03:09:37,180,Mumbai
+91-98765-44444,+91-98765-22222,2026-06-26 23:37:25,512,Gurgaon
+91-98765-44444,+91-98765-33333,2026-08-10 16:02:29,235,Mumbai
+91-98765-44444,+91-98765-33334,2026-08-05 03:07:17,122,Gurgaon
+91-98765-11112,+91-98765-33334,2026-08-19 20:08:49,600,Noida
+91-98765-44444,+91-98765-11111,2026-05-31 06:53:10,409,Delhi
+91-98765-44444,+91-98765-11112,2026-07-07 01:57:25,1072,Jaipur
+91-98765-44444,+91-98765-33334,2026-07-02 12:04:38,1038,Pune
+91-98765-44444,+91-98765-11111,2026-06-19 13:59:29,1103,Mumbai
+91-98765-44444,+91-98765-11112,2026-06-03 19:11:41,211,Noida
+91-98765-11112,+91-98765-33333,2026-08-03 17:10:00,723,Delhi
+91-98765-22222,+91-98765-33334,2026-08-05 14:06:04,136,Delhi
+91-98765-44444,+91-98765-33333,2026-08-15 13:11:55,761,Pune
+91-98765-33333,+91-98765-11111,2026-07-27 07:44:19,1079,Jaipur
+91-98765-44444,+91-98765-33333,2026-07-13 04:38:29,1092,Noida
+91-98765-44444,+91-98765-11111,2026-07-01 03:19:26,685,Gurgaon
+91-98765-11111,+91-98765-11112,2026-06-07 04:34:53,904,Pune
+91-98765-11111,+91-98765-44444,2026-07-22 17:48:57,149,Delhi
+91-98765-44444,+91-98765-22222,2026-08-17 17:29:34,765,Pune
+91-98765-44444,+91-98765-33334,2026-07-05 03:22:29,337,Gurgaon
+91-98765-11112,+91-98765-11111,2026-08-01 12:08:52,577,Mumbai
+91-98765-22222,+91-98765-11111,2026-06-30 13:15:45,592,Delhi
+91-98765-11112,+91-98765-33333,2026-08-02 17:26:56,826,Pune
+91-98765-44444,+91-98765-22222,2026-05-31 15:04:37,836,Delhi
+91-98765-44444,+91-98765-33334,2026-06-23 12:53:43,267,Pune
+91-98765-44444,+91-98765-33333,2026-06-03 13:59:04,679,Delhi
+91-98765-44444,+91-98765-22222,2026-06-20 19:01:21,987,Noida
+91-98765-33334,+91-98765-11111,2026-07-23 14:44:07,1034,Delhi
+91-98765-44444,+91-98765-11111,2026-07-31 12:40:46,394,Delhi
+91-98765-44444,+91-98765-11111,2026-06-25 14:05:24,25,Gurgaon
+91-98765-44444,+91-98765-11111,2026-08-07 11:30:13,733,Noida
+91-98765-44444,+91-98765-11111,2026-06-16 06:59:20,1175,Mumbai
+91-98765-44444,+91-98765-11111,2026-07-29 21:52:06,1133,Pune
+91-98765-44444,+91-98765-33334,2026-07-17 10:17:00,830,Delhi
+91-98765-44444,+91-98765-33333,2026-08-05 09:01:05,562,Mumbai
+91-98765-44444,+91-98765-33334,2026-08-10 09:06:18,33,Noida
+91-98765-22222,+91-98765-11112,2026-08-24 04:21:05,805,Pune
+91-98765-11112,+91-98765-22222,2026-08-24 08:30:44,59,Delhi
+91-98765-44444,+91-98765-11111,2026-08-01 03:14:06,944,Noida
+91-98765-44444,+91-98765-33334,2026-08-19 11:37:28,516,Delhi
+91-98765-44444,+91-98765-11112,2026-06-02 13:15:56,1166,Delhi
+91-98765-33333,+91-98765-22222,2026-08-12 16:19:39,1069,Jaipur
+91-98765-11112,+91-98765-44444,2026-06-08 09:04:45,718,Jaipur
+91-98765-44444,+91-98765-11111,2026-07-11 02:36:56,565,Noida
+91-98765-44444,+91-98765-33334,2026-08-07 06:37:49,990,Jaipur
+91-98765-44444,+91-98765-11112,2026-07-26 10:46:02,132,Pune
+91-98765-44444,+91-98765-33334,2026-08-07 07:16:27,1066,Delhi
+91-98765-11112,+91-98765-11111,2026-06-11 00:35:03,683,Gurgaon
+91-98765-44444,+91-98765-11112,2026-06-29 13:07:21,573,Noida
+91-98765-33333,+91-98765-11111,2026-06-24 19:27:50,231,Mumbai
+91-98765-44444,+91-98765-33334,2026-07-29 21:41:13,1052,Delhi
+91-98765-11112,+91-98765-11111,2026-08-14 01:39:18,133,Noida
+91-98765-44444,+91-98765-22222,2026-07-16 05:13:58,715,Noida
+91-98765-44444,+91-98765-33333,2026-06-24 09:57:20,424,Gurgaon
+91-98765-44444,+91-98765-22222,2026-07-08 00:51:28,476,Mumbai
+91-98765-11112,+91-98765-22222,2026-07-28 07:19:08,832,Mumbai
+91-98765-33334,+91-98765-33333,2026-07-22 18:46:39,757,Pune
+91-98765-33334,+91-98765-33333,2026-08-09 19:16:23,897,Delhi
+91-98765-44444,+91-98765-11111,2026-07-06 00:07:50,307,Delhi
+91-98765-33333,+91-98765-11111,2026-06-26 09:54:02,962,Mumbai
+91-98765-33334,+91-98765-11111,2026-06-05 08:02:32,387,Gurgaon
+91-98765-33334,+91-98765-33333,2026-06-15 05:21:11,776,Mumbai
+91-98765-44444,+91-98765-33334,2026-07-04 19:00:28,393,Mumbai
+91-98765-44444,+91-98765-22222,2026-06-11 00:02:11,983,Jaipur
+91-98765-44444,+91-98765-11111,2026-06-14 15:20:01,730,Mumbai
+91-98765-44444,+91-98765-11112,2026-07-02 20:46:39,1016,Noida
+91-98765-44444,+91-98765-33334,2026-07-27 20:14:11,904,Pune
+91-98765-44444,+91-98765-22222,2026-08-10 13:34:25,133,Delhi
+91-98765-44444,+91-98765-33333,2026-08-10 10:48:38,901,Delhi
+91-98765-44444,+91-98765-11111,2026-06-15 05:38:39,638,Gurgaon
+91-98765-44444,+91-98765-33333,2026-06-10 11:18:26,715,Pune
+91-98765-44444,+91-98765-22222,2026-07-11 01:02:56,124,Gurgaon
+91-98765-44444,+91-98765-33333,2026-07-29 18:59:05,10,Noida
+91-98765-11112,+91-98765-33334,2026-07-28 21:46:28,427,Gurgaon
+91-98765-11111,+91-98765-33333,2026-08-07 10:23:21,897,Gurgaon
+91-98765-44444,+91-98765-33334,2026-06-07 18:36:49,565,Noida
+91-98765-44444,+91-98765-11111,2026-08-19 17:23:12,178,Pune
+91-98765-22222,+91-98765-11112,2026-07-01 17:03:02,428,Noida
+91-98765-22222,+91-98765-11111,2026-08-11 15:06:33,201,Noida
+91-98765-44444,+91-98765-11112,2026-08-18 07:28:23,654,Mumbai
+91-98765-44444,+91-98765-33333,2026-06-19 21:58:06,351,Jaipur
+91-98765-44444,+91-98765-11111,2026-07-12 08:44:59,382,Jaipur
+91-98765-33333,+91-98765-33334,2026-08-17 18:17:56,1135,Jaipur
+91-98765-22222,+91-98765-44444,2026-07-10 01:57:05,1040,Noida
+91-98765-11111,+91-98765-22222,2026-08-21 19:27:27,156,Gurgaon
+91-98765-44444,+91-98765-11111,2026-07-15 07:35:48,882,Gurgaon
+91-98765-44444,+91-98765-33333,2026-08-08 07:37:06,376,Mumbai
+91-98765-33333,+91-98765-11111,2026-06-06 13:51:27,912,Jaipur
+91-98765-22222,+91-98765-11112,2026-06-08 12:18:37,818,Mumbai
+91-98765-11112,+91-98765-11111,2026-07-07 23:42:51,804,Jaipur
+91-98765-44444,+91-98765-33334,2026-07-10 02:58:48,423,Noida
+91-98765-44444,+91-98765-33334,2026-06-06 04:25:42,485,Gurgaon
+91-98765-11111,+91-98765-44444,2026-06-09 07:36:01,494,Gurgaon
+91-98765-44444,+91-98765-22222,2026-06-23 00:22:12,1122,Noida
+91-98765-44444,+91-98765-11112,2026-07-07 08:05:19,727,Jaipur
+91-98765-44444,+91-98765-33334,2026-07-07 01:42:36,1161,Noida
+91-98765-11112,+91-98765-33333,2026-06-01 00:13:42,271,Noida
+91-98765-44444,+91-98765-33333,2026-08-24 19:43:08,1069,Delhi
+91-98765-44444,+91-98765-33334,2026-06-24 06:07:33,974,Noida
+91-98765-44444,+91-98765-11112,2026-07-12 15:42:26,563,Mumbai
+91-98765-44444,+91-98765-11112,2026-06-07 15:12:47,193,Noida
+91-98765-11111,+91-98765-33333,2026-05-28 19:20:03,1064,Gurgaon
+91-98765-44444,+91-98765-11112,2026-06-29 21:30:26,281,Noida
+91-98765-44444,+91-98765-33334,2026-07-21 10:24:42,746,Delhi
+91-98765-44444,+91-98765-33333,2026-08-17 23:21:04,748,Mumbai
+91-98765-11112,+91-98765-33334,2026-06-12 00:15:40,347,Delhi
+91-98765-44444,+91-98765-33333,2026-08-25 13:37:13,99,Pune
+91-98765-44444,+91-98765-11112,2026-07-29 19:38:37,688,Mumbai
+91-98765-22222,+91-98765-33333,2026-07-02 03:32:36,950,Mumbai
+91-98765-44444,+91-98765-22222,2026-05-28 18:36:51,850,Mumbai
+91-98765-44444,+91-98765-33334,2026-06-06 17:40:30,316,Noida
+91-98765-44444,+91-98765-33334,2026-06-17 00:36:41,1085,Delhi
+91-98765-11112,+91-98765-44444,2026-08-17 01:03:42,37,Gurgaon
+91-98765-44444,+91-98765-11112,2026-07-03 20:23:16,1079,Noida
+91-98765-44444,+91-98765-22222,2026-08-22 19:16:26,357,Jaipur
+91-98765-44444,+91-98765-22222,2026-08-15 08:05:45,1161,Pune
+91-98765-44444,+91-98765-11111,2026-07-18 12:12:45,974,Mumbai
+91-98765-44444,+91-98765-33334,2026-08-21 18:59:00,865,Delhi
+91-98765-44444,+91-98765-11111,2026-07-01 06:13:01,384,Pune
+91-98765-44444,+91-98765-22222,2026-06-10 23:05:34,241,Mumbai
+91-98765-22222,+91-98765-33333,2026-08-20 21:09:54,499,Delhi
+91-98765-44444,+91-98765-22222,2026-07-24 15:31:46,1175,Pune
+91-98765-22222,+91-98765-33333,2026-07-27 20:27:15,114,Noida
+91-98765-44444,+91-98765-11112,2026-06-12 03:40:22,100,Mumbai
+91-98765-33333,+91-98765-44444,2026-07-04 23:49:59,813,Pune
+91-98765-33334,+91-98765-44444,2026-06-07 10:21:47,294,Mumbai
+91-98765-11111,+91-98765-22222,2026-07-21 02:43:38,230,Pune
+91-98765-33333,+91-98765-22222,2026-08-02 19:07:03,605,Pune
+91-98765-44444,+91-98765-33333,2026-05-31 16:49:40,699,Noida
+91-98765-33333,+91-98765-44444,2026-06-15 11:18:52,459,Delhi
+91-98765-44444,+91-98765-11112,2026-08-08 08:27:32,1131,Noida
+91-98765-44444,+91-98765-11112,2026-08-13 14:24:46,447,Jaipur
+91-98765-33334,+91-98765-44444,2026-08-04 04:04:31,1025,Jaipur
+91-98765-44444,+91-98765-33333,2026-08-04 11:06:06,379,Pune
+91-98765-44444,+91-98765-22222,2026-08-10 13:45:58,811,Gurgaon
+91-98765-44444,+91-98765-22222,2026-06-17 11:25:50,1086,Delhi
+91-98765-11111,+91-98765-33334,2026-08-02 03:01:50,1150,Jaipur
+91-98765-44444,+91-98765-22222,2026-06-26 00:13:21,92,Gurgaon
+91-98765-11111,+91-98765-22222,2026-08-08 04:02:02,457,Noida
+91-98765-44444,+91-98765-22222,2026-07-06 00:28:42,1006,Pune
+91-98765-44444,+91-98765-33333,2026-07-15 12:45:52,158,Gurgaon
+91-98765-44444,+91-98765-33334,2026-08-08 05:59:20,1038,Gurgaon
+91-98765-44444,+91-98765-11112,2026-07-21 05:15:08,225,Delhi
+91-98765-44444,+91-98765-33334,2026-06-24 06:24:53,822,Delhi
+91-98765-44444,+91-98765-11111,2026-07-13 13:49:29,1195,Noida
