plate_number,location,timestamp,camera_id
DL-01-GH-4445,Mumbai,2026-06-04 01:18:49,CAM-841
MH-02-EF-3333,Jaipur,2026-08-04 06:41:27,CAM-498
MH-12-AB-1111,Mumbai,2026-07-27 10:00:22,CAM-820
MH-12-AB-1111,Pune,2026-05-28 14:54:53,CAM-412
DL-01-GH-4444,Gurgaon,2026-06-04 00:47:07,CAM-779
DL-01-GH-4445,Pune,2026-07-29 20:33:08,CAM-141
MH-02-EF-3333,Delhi,2026-07-31 00:27:28,CAM-144
RJ-14-CD-2222,Mumbai,2026-07-06 01:32:29,CAM-129
MH-02-EF-3333,Noida,2026-07-28 12:56:01,CAM-740
MH-12-AB-1111,Delhi,2026-07-03 17:43:02,CAM-648
DL-01-GH-4445,Pune,2026-08-18 03:40:19,CAM-564
DL-01-GH-4445,Pune,2026-05-31 13:17:41,CAM-125
RJ-14-CD-2222,Jaipur,2026-08-09 13:25:32,CAM-118
DL-01-GH-4444,Gurgaon,2026-07-16 06:37:06,CAM-935
MH-12-AB-1111,Delhi,2026-08-13 15:03:47,CAM-798
MH-12-AB-1111,Gurgaon,2026-07-06 14:23:47,CAM-411
DL-01-GH-4445,Jaipur,2026-07-19 12:40:49,CAM-952
RJ-14-CD-2222,Jaipur,2026-06-30 02:44:03,CAM-459
UP-16-IJ-5555,Jaipur,2026-07-18 03:15:29,CAM-602
DL-01-GH-4445,Pune,2026-08-12 05:33:40,CAM-601
DL-01-GH-4445,Noida,2026-08-21 03:40:51,CAM-975
UP-16-IJ-5555,Mumbai,2026-07-16 22:15:50,CAM-158
DL-01-GH-4444,Gurgaon,2026-06-18 22:37:02,CAM-106
DL-01-GH-4445,Jaipur,2026-07-05 11:16:22,CAM-945
RJ-14-CD-2222,Noida,2026-06-07 11:44:55,CAM-960
UP-16-IJ-5555,Pune,2026-06-28 02:38:04,CAM-442
MH-12-AB-1111,Mumbai,2026-07-21 01:09:59,CAM-252
MH-02-EF-3333,Mumbai,2026-06-29 17:02:55,CAM-458
RJ-14-CD-2222,Noida,2026-06-14 19:24:11,CAM-344
UP-16-IJ-5555,Jaipur,2026-07-07 04:21:26,CAM-278
DL-01-GH-4445,Noida,2026-06-27 08:23:02,CAM-869
DL-01-GH-4445,Gurgaon,2026-07-13 05:52:26,CAM-957
DL-01-GH-4444,Mumbai,2026-06-06 19:46:30,CAM-378
UP-16-IJ-5555,Gurgaon,2026-07-20 09:41:42,CAM-557
MH-02-EF-3333,Pune,2026-06-19 11:25:11,CAM-543
MH-12-AB-1111,Jaipur,2026-06-24 09:57:52,CAM-287
MH-02-EF-3333,Jaipur,2026-06-10 02:47:10,CAM-261
DL-01-GH-4444,Noida,2026-06-19 09:25:30,CAM-149
DL-01-GH-4444,Noida,2026-07-07 06:46:15,CAM-748
DL-01-GH-4445,Mumbai,2026-07-07 19:37:33,CAM-717
UP-16-IJ-5555,Jaipur,2026-05-29 02:16:16,CAM-583
MH-02-EF-3333,Pune,2026-06-25 18:44:27,CAM-404
UP-16-IJ-5555,Noida,2026-08-20 12:28:40,CAM-892
RJ-14-CD-2222,Gurgaon,2026-08-24 10:15:41,CAM-380
RJ-14-CD-2222,Pune,2026-07-20 20:57:54,CAM-944
DL-01-GH-4445,Pune,2026-08-21 10:59:59,CAM-902
RJ-14-CD-2222,Pune,2026-06-14 05:06:30,CAM-603
MH-02-EF-3333,Delhi,2026-05-29 17:32:07,CAM-770
RJ-14-CD-2222,Jaipur,2026-07-27 20:34:52,CAM-403
RJ-14-CD-2222,Jaipur,2026-07-14 16:46:44,CAM-958
MH-12-AB-1111,Delhi,2026-05-31 19:18:54,CAM-468
RJ-14-CD-2222,Noida,2026-07-01 21:16:40,CAM-796
UP-16-IJ-5555,Pune,2026-07-23 09:35:58,CAM-287
RJ-14-CD-2222,Pune,2026-07-05 07:02:05,CAM-293
MH-02-EF-3333,Delhi,2026-06-06 08:43:29,CAM-973
MH-02-EF-3333,Mumbai,2026-06-08 12:11:19,CAM-786
DL-01-GH-4444,Delhi,2026-08-15 01:37:44,CAM-435
MH-12-AB-1111,Pune,2026-06-03 11:34:49,CAM-750
MH-02-EF-3333,Pune,2026-06-03 14:58:36,CAM-763
MH-02-EF-3333,Delhi,2026-07-03 12:46:59,CAM-852
DL-01-GH-4445,Delhi,2026-08-25 05:51:54,CAM-232
DL-01-GH-4445,Pune,2026-07-17 03:45:12,CAM-799
DL-01-GH-4444,Noida,2026-06-01 20:29:16,CAM-968
MH-12-AB-1111,Jaipur,2026-06-19 10:49:18,CAM-555
MH-02-EF-3333,Noida,2026-08-22 16:57:34,CAM-377
UP-16-IJ-5555,Mumbai,2026-07-16 04:05:04,CAM-188
DL-01-GH-4444,Gurgaon,2026-07-22 14:49:27,CAM-684
DL-01-GH-4445,Jaipur,2026-07-08 05:46:47,CAM-806
MH-02-EF-3333,Noida,2026-06-20 00:33:49,CAM-779
RJ-14-CD-2222,Pune,2026-08-08 14:05:20,CAM-432
UP-16-IJ-5555,Delhi,2026-07-11 05:20:16,CAM-890
MH-12-AB-1111,Noida,2026-07-27 09:48:43,CAM-678
RJ-14-CD-2222,Mumbai,2026-06-30 22:45:20,CAM-429
DL-01-GH-4445,Delhi,2026-06-11 12:49:15,CAM-543
MH-02-EF-3333,Mumbai,2026-06-10 23:31:44,CAM-256
MH-12-AB-1111,Mumbai,2026-06-20 14:57:38,CAM-321
RJ-14-CD-2222,Mumbai,2026-06-13 06:40:07,CAM-670
MH-02-EF-3333,Pune,2026-06-29 10:42:23,CAM-235
MH-02-EF-3333,Pune,2026-06-09 00:55:20,CAM-422
DL-01-GH-4444,Mumbai,2026-07-30 20:27:35,CAM-556
DL-01-GH-4444,Noida,2026-07-05 04:19:22,CAM-998
DL-01-GH-4445,Mumbai,2026-07-03 18:02:41,CAM-931
UP-16-IJ-5555,Noida,2026-07-21 18:04:41,CAM-723
UP-16-IJ-5555,Jaipur,2026-07-22 17:33:21,CAM-302
UP-16-IJ-5555,Gurgaon,2026-07-24 15:22:48,CAM-240
UP-16-IJ-5555,Pune,2026-08-25 22:56:00,CAM-408
RJ-14-CD-2222,Pune,2026-06-21 11:18:15,CAM-206
RJ-14-CD-2222,Mumbai,2026-07-21 07:59:05,CAM-966
RJ-14-CD-2222,Mumbai,2026-07-11 09:55:34,CAM-383
MH-12-AB-1111,Pune,2026-06-11 22:28:05,CAM-217
DL-01-GH-4445,Delhi,2026-07-22 01:42:47,CAM-766
MH-02-EF-3333,Pune,2026-06-02 16:50:30,CAM-157
MH-02-EF-3333,Mumbai,2026-08-03 23:24:58,CAM-400
DL-01-GH-4444,Jaipur,2026-05-29 03:22:39,CAM-654
MH-02-EF-3333,Jaipur,2026-06-12 15:22:06,CAM-338
DL-01-GH-4445,Delhi,2026-06-19 06:54:27,CAM-987
MH-12-AB-1111,Jaipur,2026-07-12 06:48:16,CAM-406
DL-01-GH-4444,Pune,2026-07-27 16:16:27,CAM-108
DL-01-GH-4444,Mumbai,2026-06-16 06:32:14,CAM-830
DL-01-GH-4444,Delhi,2026-06-19 02:00:20,CAM-974
